{"cameraMode":{"drawMode":0,"name":"Shaded","section":"Shading Mode"},"sceneLighting":true,"audioPlay":false,"sceneViewState":{"m_AlwaysRefresh":false,"showFog":true,"showSkybox":true,"showFlares":true,"showImageEffects":true,"showParticleSystems":true,"showVisualEffectGraphs":true,"m_FxEnabled":false},"in2DMode":false,"pivot":{"x":48.42894744873047,"y":4.0588884353637699,"z":99.85671997070313},"rotation":{"x":-0.08568653464317322,"y":-0.027802756056189538,"z":0.002384660765528679,"w":-0.9961056709289551},"size":11.020720481872559,"orthographic":false}